Contrast name:,Group (S-NSN)
Within-subjects contrast matrix:,c[1;1],c[1;2],c[1;3],c[2;1],c[2;2],c[2;3],c[3;1],c[3;2],c[3;3],
,1.000000,0.000000,0.000000,0.000000,1.000000,0.000000,0.000000,0.000000,1.000000,
Between-subjects contrast matrix:,c[1;1],
,1.000000,
Overlap threshold:,0.000000

Results
ROI#,ROI size,average localizer mask size,inter-subject overlap,h[1;1],h[1;2],h[1;3],stderr[1;1],stderr[1;2],stderr[1;3],T/F,dof,p,p-fdr
1,2948,294,1.000000,0.746351,1.174027,0.427676,0.142251,0.153690,0.098355,11.941053,3.000000,0.035609,0.071218
2,1627,162,1.000000,0.706566,0.855402,0.148836,0.102040,0.103386,0.087765,14.626590,3.000000,0.026948,0.071218
3,644,64,1.000000,0.339588,0.321950,-0.017638,0.067229,0.125055,0.082259,6.250795,3.000000,0.083259,0.099911
4,743,74,1.000000,0.837855,1.273572,0.435717,0.141280,0.090220,0.183324,56.773772,3.000000,0.003846,0.023075
5,462,46,1.000000,1.222518,2.017284,0.794767,0.326072,0.563428,0.281304,2.818092,3.000000,0.208737,0.208737
6,370,37,1.000000,0.916225,1.195481,0.279256,0.229247,0.210009,0.131951,6.774731,3.000000,0.075216,0.099911
