Contrast name:,Group (S-N)
Within-subjects contrast matrix:,c[1;1],c[1;2],c[1;3],
,1.000000,0.000000,0.000000,
Between-subjects contrast matrix:,c[1;1],
,1.000000,
Overlap threshold:,0.000000

Results
ROI#,ROI size,average localizer mask size,inter-subject overlap,h[1;1],stderr[1;1],T/F,dof,p,p-fdr
1,2948,294,1.000000,0.746351,0.142251,5.246716,5.000000,0.001668,0.002947
2,1627,162,1.000000,0.706566,0.102040,6.924398,5.000000,0.000482,0.002891
3,644,64,1.000000,0.339588,0.067229,5.051241,5.000000,0.001965,0.002947
4,743,74,1.000000,0.837855,0.141280,5.930469,5.000000,0.000972,0.002917
5,462,46,1.000000,1.222518,0.326072,3.749222,5.000000,0.006652,0.006652
6,370,37,1.000000,0.916225,0.229247,3.996669,5.000000,0.005179,0.006215
