Contrast name:,Group (SameAg)
Within-subjects contrast matrix:,c[1;1],c[1;2],c[1;3],c[1;4],c[1;5],c[1;6],c[1;7],c[1;8],c[1;9],c[1;10],c[1;11],c[1;12],c[1;13],c[1;14],c[1;15],c[1;16],c[1;17],c[1;18],c[1;19],
,0.000000,0.000000,0.000000,1.000000,0.000000,0.000000,0.000000,0.000000,0.000000,0.000000,0.000000,0.000000,0.000000,0.000000,0.000000,0.000000,0.000000,0.000000,0.000000,
Between-subjects contrast matrix:,c[1;1],
,1.000000,
Overlap threshold:,0.000000

Results
ROI#,ROI size,average localizer mask size,inter-subject overlap,h[1;1],stderr[1;1],T/F,dof,p,p-fdr
1,2948,294,1.000000,0.122586,0.059827,2.048995,5.000000,0.047883,0.115436
2,1627,162,1.000000,0.104017,0.061938,1.679380,5.000000,0.076957,0.115436
3,644,64,1.000000,0.014559,0.084727,0.171838,5.000000,0.435152,0.435152
4,743,74,1.000000,0.263508,0.146388,1.800068,5.000000,0.065873,0.115436
5,462,46,1.000000,0.193615,0.084594,2.288765,5.000000,0.035379,0.115436
6,370,37,1.000000,0.139434,0.094487,1.475687,5.000000,0.100025,0.120030
