Contrast name:,Group (DiffAll-Cont)
Within-subjects contrast matrix:,c[1;1],c[1;2],c[1;3],c[1;4],c[1;5],c[1;6],c[1;7],c[1;8],c[1;9],c[1;10],c[1;11],c[1;12],c[1;13],c[1;14],c[1;15],c[1;16],c[1;17],c[1;18],c[1;19],
,0.000000,0.000000,0.000000,0.000000,0.000000,0.000000,1.000000,0.000000,0.000000,0.000000,0.000000,0.000000,0.000000,0.000000,0.000000,0.000000,0.000000,0.000000,0.000000,
Between-subjects contrast matrix:,c[1;1],
,1.000000,
Overlap threshold:,0.000000

Results
ROI#,ROI size,average localizer mask size,inter-subject overlap,h[1;1],stderr[1;1],T/F,dof,p,p-fdr
1,2948,294,1.000000,0.051520,0.037956,1.357358,5.000000,0.116360,0.349079
2,1627,162,1.000000,-0.001461,0.054055,-0.027037,5.000000,0.510262,0.637018
3,644,64,1.000000,-0.070493,0.032610,-2.161715,5.000000,0.958497,0.958497
4,743,74,1.000000,-0.007611,0.093537,-0.081372,5.000000,0.530848,0.637018
5,462,46,1.000000,0.061239,0.075484,0.811281,5.000000,0.227038,0.454076
6,370,37,1.000000,0.162719,0.077201,2.107730,5.000000,0.044439,0.266632
