Contrast name:,Group (SameMan-Cont)
Within-subjects contrast matrix:,c[1;1],c[1;2],c[1;3],c[1;4],c[1;5],c[1;6],c[1;7],c[1;8],c[1;9],c[1;10],c[1;11],c[1;12],c[1;13],c[1;14],c[1;15],c[1;16],c[1;17],c[1;18],c[1;19],
,0.000000,0.000000,0.000000,0.000000,0.000000,0.000000,0.000000,1.000000,0.000000,0.000000,0.000000,0.000000,0.000000,0.000000,0.000000,0.000000,0.000000,0.000000,0.000000,
Between-subjects contrast matrix:,c[1;1],
,1.000000,
Overlap threshold:,0.000000

Results
ROI#,ROI size,average localizer mask size,inter-subject overlap,h[1;1],stderr[1;1],T/F,dof,p,p-fdr
1,2948,294,1.000000,-0.041163,0.175309,-0.234804,5.000000,0.588163,0.705796
2,1627,162,1.000000,-0.098365,0.133103,-0.739009,5.000000,0.753444,0.753444
3,644,64,1.000000,0.025283,0.058952,0.428870,5.000000,0.342934,0.514401
4,743,74,1.000000,0.142601,0.251157,0.567777,5.000000,0.297366,0.514401
5,462,46,1.000000,0.254395,0.200223,1.270557,5.000000,0.129897,0.514401
6,370,37,1.000000,0.124091,0.225052,0.551387,5.000000,0.302551,0.514401
