Contrast name:,Group (DiffAll-SamePath)
Within-subjects contrast matrix:,c[1;1],c[1;2],c[1;3],c[1;4],c[1;5],c[1;6],c[1;7],c[1;8],c[1;9],c[1;10],c[1;11],c[1;12],c[1;13],c[1;14],c[1;15],c[1;16],c[1;17],c[1;18],c[1;19],
,0.000000,0.000000,0.000000,0.000000,0.000000,0.000000,0.000000,0.000000,0.000000,0.000000,0.000000,0.000000,0.000000,0.000000,1.000000,0.000000,0.000000,0.000000,0.000000,
Between-subjects contrast matrix:,c[1;1],
,1.000000,
Overlap threshold:,0.000000

Results
ROI#,ROI size,average localizer mask size,inter-subject overlap,h[1;1],stderr[1;1],T/F,dof,p,p-fdr
1,2948,294,1.000000,0.043812,0.018032,2.429629,5.000000,0.029704,0.111298
2,1627,162,1.000000,0.102117,0.065673,1.554929,5.000000,0.090341,0.180682
3,644,64,1.000000,0.059699,0.055340,1.078770,5.000000,0.164979,0.220869
4,743,74,1.000000,0.009328,0.130647,0.071401,5.000000,0.472923,0.472923
5,462,46,1.000000,0.048516,0.049060,0.988913,5.000000,0.184058,0.220869
6,370,37,1.000000,0.137883,0.061258,2.250840,5.000000,0.037099,0.111298
