Contrast name:,Group (DiffAll-SameAll)
Within-subjects contrast matrix:,c[1;1],c[1;2],c[1;3],c[1;4],c[1;5],c[1;6],c[1;7],c[1;8],c[1;9],c[1;10],c[1;11],c[1;12],c[1;13],c[1;14],c[1;15],c[1;16],c[1;17],c[1;18],c[1;19],
,0.000000,0.000000,0.000000,0.000000,0.000000,0.000000,0.000000,0.000000,0.000000,0.000000,0.000000,0.000000,1.000000,0.000000,0.000000,0.000000,0.000000,0.000000,0.000000,
Between-subjects contrast matrix:,c[1;1],
,1.000000,
Overlap threshold:,0.000000

Results
ROI#,ROI size,average localizer mask size,inter-subject overlap,h[1;1],stderr[1;1],T/F,dof,p,p-fdr
1,2948,294,1.000000,0.127899,0.090352,1.415566,5.000000,0.108032,0.216063
2,1627,162,1.000000,0.071644,0.066183,1.082520,5.000000,0.164221,0.246332
3,644,64,1.000000,-0.024937,0.106242,-0.234723,5.000000,0.588134,0.588134
4,743,74,1.000000,0.096192,0.057783,1.664712,5.000000,0.078426,0.216063
5,462,46,1.000000,0.110542,0.161840,0.683032,5.000000,0.262472,0.314966
6,370,37,1.000000,0.240867,0.149487,1.611297,5.000000,0.084016,0.216063
