Contrast name:,Group (DiffAll-SameAg)
Within-subjects contrast matrix:,c[1;1],c[1;2],c[1;3],c[1;4],c[1;5],c[1;6],c[1;7],c[1;8],c[1;9],c[1;10],c[1;11],c[1;12],c[1;13],c[1;14],c[1;15],c[1;16],c[1;17],c[1;18],c[1;19],
,0.000000,0.000000,0.000000,0.000000,0.000000,0.000000,0.000000,0.000000,0.000000,0.000000,0.000000,0.000000,0.000000,0.000000,0.000000,1.000000,0.000000,0.000000,0.000000,
Between-subjects contrast matrix:,c[1;1],
,1.000000,
Overlap threshold:,0.000000

Results
ROI#,ROI size,average localizer mask size,inter-subject overlap,h[1;1],stderr[1;1],T/F,dof,p,p-fdr
1,2948,294,1.000000,0.132502,0.118471,1.118440,5.000000,0.157107,0.201659
2,1627,162,1.000000,0.102119,0.132300,0.771874,5.000000,0.237535,0.237535
3,644,64,1.000000,0.052172,0.022414,2.327699,5.000000,0.033702,0.153090
4,743,74,1.000000,0.110793,0.104154,1.063742,5.000000,0.168049,0.201659
5,462,46,1.000000,0.144509,0.118197,1.222613,5.000000,0.137979,0.201659
6,370,37,1.000000,0.401909,0.201048,1.999073,5.000000,0.051030,0.153090
