Contrast name:,Group (SameMan)
Within-subjects contrast matrix:,c[1;1],c[1;2],c[1;3],c[1;4],c[1;5],c[1;6],c[1;7],c[1;8],c[1;9],c[1;10],c[1;11],c[1;12],c[1;13],c[1;14],c[1;15],c[1;16],c[1;17],c[1;18],c[1;19],
,0.000000,1.000000,0.000000,0.000000,0.000000,0.000000,0.000000,0.000000,0.000000,0.000000,0.000000,0.000000,0.000000,0.000000,0.000000,0.000000,0.000000,0.000000,0.000000,
Between-subjects contrast matrix:,c[1;1],
,1.000000,
Overlap threshold:,0.000000

Results
ROI#,ROI size,average localizer mask size,inter-subject overlap,h[1;1],stderr[1;1],T/F,dof,p,p-fdr
1,2948,294,1.000000,0.162405,0.060736,2.673958,5.000000,0.022069,0.033104
2,1627,162,1.000000,0.109233,0.049019,2.228378,5.000000,0.038160,0.043363
3,644,64,1.000000,0.162507,0.076400,2.127065,5.000000,0.043363,0.043363
4,743,74,1.000000,0.524514,0.139589,3.757550,5.000000,0.006595,0.033104
5,462,46,1.000000,0.531280,0.175633,3.024947,5.000000,0.014625,0.033104
6,370,37,1.000000,0.502714,0.187567,2.680191,5.000000,0.021905,0.033104
