Contrast name:,Group (SameAll-Cont)
Within-subjects contrast matrix:,c[1;1],c[1;2],c[1;3],c[1;4],c[1;5],c[1;6],c[1;7],c[1;8],c[1;9],c[1;10],c[1;11],c[1;12],c[1;13],c[1;14],c[1;15],c[1;16],c[1;17],c[1;18],c[1;19],
,0.000000,0.000000,0.000000,0.000000,0.000000,0.000000,0.000000,0.000000,0.000000,0.000000,1.000000,0.000000,0.000000,0.000000,0.000000,0.000000,0.000000,0.000000,0.000000,
Between-subjects contrast matrix:,c[1;1],
,1.000000,
Overlap threshold:,0.000000

Results
ROI#,ROI size,average localizer mask size,inter-subject overlap,h[1;1],stderr[1;1],T/F,dof,p,p-fdr
1,2948,294,1.000000,-0.076379,0.099783,-0.765445,5.000000,0.760719,0.835540
2,1627,162,1.000000,-0.073106,0.094676,-0.772166,5.000000,0.762544,0.835540
3,644,64,1.000000,-0.045555,0.098348,-0.463206,5.000000,0.668660,0.835540
4,743,74,1.000000,-0.103803,0.095995,-1.081339,5.000000,0.835540,0.835540
5,462,46,1.000000,-0.049303,0.104068,-0.473752,5.000000,0.672180,0.835540
6,370,37,1.000000,-0.078148,0.090950,-0.859240,5.000000,0.785266,0.835540
