Contrast name:,Group (SameMan-SameAll)
Within-subjects contrast matrix:,c[1;1],c[1;2],c[1;3],c[1;4],c[1;5],c[1;6],c[1;7],c[1;8],c[1;9],c[1;10],c[1;11],c[1;12],c[1;13],c[1;14],c[1;15],c[1;16],c[1;17],c[1;18],c[1;19],
,0.000000,0.000000,0.000000,0.000000,0.000000,0.000000,0.000000,0.000000,0.000000,0.000000,0.000000,0.000000,0.000000,0.000000,0.000000,0.000000,1.000000,0.000000,0.000000,
Between-subjects contrast matrix:,c[1;1],
,1.000000,
Overlap threshold:,0.000000

Results
ROI#,ROI size,average localizer mask size,inter-subject overlap,h[1;1],stderr[1;1],T/F,dof,p,p-fdr
1,2948,294,1.000000,0.035215,0.123228,0.285774,5.000000,0.393256,0.471907
2,1627,162,1.000000,-0.025259,0.093067,-0.271405,5.000000,0.601536,0.601536
3,644,64,1.000000,0.070838,0.105600,0.670817,5.000000,0.266036,0.399054
4,743,74,1.000000,0.246404,0.201214,1.224589,5.000000,0.137637,0.348935
5,462,46,1.000000,0.303698,0.229606,1.322690,5.000000,0.121602,0.348935
6,370,37,1.000000,0.202239,0.195768,1.033051,5.000000,0.174468,0.348935
