Contrast name:,Group (DiffAll-SameMan)
Within-subjects contrast matrix:,c[1;1],c[1;2],c[1;3],c[1;4],c[1;5],c[1;6],c[1;7],c[1;8],c[1;9],c[1;10],c[1;11],c[1;12],c[1;13],c[1;14],c[1;15],c[1;16],c[1;17],c[1;18],c[1;19],
,0.000000,0.000000,0.000000,0.000000,0.000000,0.000000,0.000000,0.000000,0.000000,0.000000,0.000000,0.000000,0.000000,1.000000,0.000000,0.000000,0.000000,0.000000,0.000000,
Between-subjects contrast matrix:,c[1;1],
,1.000000,
Overlap threshold:,0.000000

Results
ROI#,ROI size,average localizer mask size,inter-subject overlap,h[1;1],stderr[1;1],T/F,dof,p,p-fdr
1,2948,294,1.000000,0.092684,0.146034,0.634673,5.000000,0.276771,0.830314
2,1627,162,1.000000,0.096903,0.131017,0.739622,5.000000,0.246385,0.830314
3,644,64,1.000000,-0.095776,0.083204,-1.151092,5.000000,0.849126,0.868517
4,743,74,1.000000,-0.150212,0.224671,-0.668587,5.000000,0.733310,0.868517
5,462,46,1.000000,-0.193156,0.153185,-1.260937,5.000000,0.868517,0.868517
6,370,37,1.000000,0.038629,0.234982,0.164390,5.000000,0.437932,0.868517
