Contrast name:,Group (SamePath)
Within-subjects contrast matrix:,c[1;1],c[1;2],c[1;3],c[1;4],c[1;5],c[1;6],c[1;7],c[1;8],c[1;9],c[1;10],c[1;11],c[1;12],c[1;13],c[1;14],c[1;15],c[1;16],c[1;17],c[1;18],c[1;19],
,0.000000,0.000000,1.000000,0.000000,0.000000,0.000000,0.000000,0.000000,0.000000,0.000000,0.000000,0.000000,0.000000,0.000000,0.000000,0.000000,0.000000,0.000000,0.000000,
Between-subjects contrast matrix:,c[1;1],
,1.000000,
Overlap threshold:,0.000000

Results
ROI#,ROI size,average localizer mask size,inter-subject overlap,h[1;1],stderr[1;1],T/F,dof,p,p-fdr
1,2948,294,1.000000,0.211277,0.138215,1.528608,5.000000,0.093452,0.140179
2,1627,162,1.000000,0.104019,0.140201,0.741930,5.000000,0.245744,0.294893
3,644,64,1.000000,0.007032,0.102977,0.068291,5.000000,0.474101,0.474101
4,743,74,1.000000,0.364973,0.169189,2.157197,5.000000,0.041741,0.140179
5,462,46,1.000000,0.289608,0.167051,1.733650,5.000000,0.071757,0.140179
6,370,37,1.000000,0.403460,0.219732,1.836147,5.000000,0.062885,0.140179
