Contrast name:,Group (All-Cont)
Within-subjects contrast matrix:,c[1;1],c[1;2],c[1;3],c[1;4],c[1;5],c[1;6],c[1;7],c[1;8],c[1;9],c[1;10],c[1;11],c[1;12],c[1;13],c[1;14],c[1;15],c[1;16],c[1;17],c[1;18],c[1;19],
,0.000000,0.000000,0.000000,0.000000,0.000000,0.000000,0.000000,0.000000,0.000000,0.000000,0.000000,1.000000,0.000000,0.000000,0.000000,0.000000,0.000000,0.000000,0.000000,
Between-subjects contrast matrix:,c[1;1],
,1.000000,
Overlap threshold:,0.000000

Results
ROI#,ROI size,average localizer mask size,inter-subject overlap,h[1;1],stderr[1;1],T/F,dof,p,p-fdr
1,2948,294,1.000000,-0.027859,0.086668,-0.321444,5.000000,0.619562,0.929343
2,1627,162,1.000000,-0.076018,0.061504,-1.235992,5.000000,0.864321,0.960767
3,644,64,1.000000,-0.068724,0.031149,-2.206328,5.000000,0.960767,0.960767
4,743,74,1.000000,-0.020832,0.109687,-0.189918,5.000000,0.571579,0.929343
5,462,46,1.000000,0.039157,0.071825,0.545168,5.000000,0.304533,0.929343
6,370,37,1.000000,-0.001138,0.073092,-0.015571,5.000000,0.505911,0.929343
