Contrast name:,Group (SameAg-SameAll)
Within-subjects contrast matrix:,c[1;1],c[1;2],c[1;3],c[1;4],c[1;5],c[1;6],c[1;7],c[1;8],c[1;9],c[1;10],c[1;11],c[1;12],c[1;13],c[1;14],c[1;15],c[1;16],c[1;17],c[1;18],c[1;19],
,0.000000,0.000000,0.000000,0.000000,0.000000,0.000000,0.000000,0.000000,0.000000,0.000000,0.000000,0.000000,0.000000,0.000000,0.000000,0.000000,0.000000,0.000000,1.000000,
Between-subjects contrast matrix:,c[1;1],
,1.000000,
Overlap threshold:,0.000000

Results
ROI#,ROI size,average localizer mask size,inter-subject overlap,h[1;1],stderr[1;1],T/F,dof,p,p-fdr
1,2948,294,1.000000,-0.004603,0.091509,-0.050304,5.000000,0.519086,0.878529
2,1627,162,1.000000,-0.030474,0.126236,-0.241410,5.000000,0.590587,0.878529
3,644,64,1.000000,-0.077109,0.100538,-0.766970,5.000000,0.761134,0.878529
4,743,74,1.000000,-0.014602,0.108942,-0.134031,5.000000,0.550697,0.878529
5,462,46,1.000000,-0.033968,0.134565,-0.252426,5.000000,0.594620,0.878529
6,370,37,1.000000,-0.161042,0.121675,-1.323540,5.000000,0.878529,0.878529
