Contrast name:,Group (SameAll)
Within-subjects contrast matrix:,c[1;1],c[1;2],c[1;3],c[1;4],c[1;5],c[1;6],c[1;7],c[1;8],c[1;9],c[1;10],c[1;11],c[1;12],c[1;13],c[1;14],c[1;15],c[1;16],c[1;17],c[1;18],c[1;19],
,1.000000,0.000000,0.000000,0.000000,0.000000,0.000000,0.000000,0.000000,0.000000,0.000000,0.000000,0.000000,0.000000,0.000000,0.000000,0.000000,0.000000,0.000000,0.000000,
Between-subjects contrast matrix:,c[1;1],
,1.000000,
Overlap threshold:,0.000000

Results
ROI#,ROI size,average localizer mask size,inter-subject overlap,h[1;1],stderr[1;1],T/F,dof,p,p-fdr
1,2948,294,1.000000,0.127189,0.093404,1.361707,5.000000,0.115717,0.138861
2,1627,162,1.000000,0.134492,0.084194,1.597393,5.000000,0.085534,0.128302
3,644,64,1.000000,0.091669,0.149384,0.613644,5.000000,0.283145,0.283145
4,743,74,1.000000,0.278110,0.112544,2.471131,5.000000,0.028226,0.064006
5,462,46,1.000000,0.227582,0.070591,3.223954,5.000000,0.011681,0.064006
6,370,37,1.000000,0.300475,0.126819,2.369332,5.000000,0.032003,0.064006
