Contrast name:,Group (SamePath-Cont)
Within-subjects contrast matrix:,c[1;1],c[1;2],c[1;3],c[1;4],c[1;5],c[1;6],c[1;7],c[1;8],c[1;9],c[1;10],c[1;11],c[1;12],c[1;13],c[1;14],c[1;15],c[1;16],c[1;17],c[1;18],c[1;19],
,0.000000,0.000000,0.000000,0.000000,0.000000,0.000000,0.000000,0.000000,1.000000,0.000000,0.000000,0.000000,0.000000,0.000000,0.000000,0.000000,0.000000,0.000000,0.000000,
Between-subjects contrast matrix:,c[1;1],
,1.000000,
Overlap threshold:,0.000000

Results
ROI#,ROI size,average localizer mask size,inter-subject overlap,h[1;1],stderr[1;1],T/F,dof,p,p-fdr
1,2948,294,1.000000,0.007709,0.044829,0.171962,5.000000,0.435105,0.811200
2,1627,162,1.000000,-0.103578,0.068209,-1.518554,5.000000,0.905332,0.958675
3,644,64,1.000000,-0.130192,0.060131,-2.165136,5.000000,0.958675,0.958675
4,743,74,1.000000,-0.016940,0.157242,-0.107729,5.000000,0.540800,0.811200
5,462,46,1.000000,0.012723,0.110958,0.114663,5.000000,0.456587,0.811200
6,370,37,1.000000,0.024837,0.084813,0.292843,5.000000,0.390703,0.811200
