Contrast name:,Group (Cont)
Within-subjects contrast matrix:,c[1;1],c[1;2],c[1;3],c[1;4],c[1;5],c[1;6],c[1;7],c[1;8],c[1;9],c[1;10],c[1;11],c[1;12],c[1;13],c[1;14],c[1;15],c[1;16],c[1;17],c[1;18],c[1;19],
,0.000000,0.000000,0.000000,0.000000,0.000000,1.000000,0.000000,0.000000,0.000000,0.000000,0.000000,0.000000,0.000000,0.000000,0.000000,0.000000,0.000000,0.000000,0.000000,
Between-subjects contrast matrix:,c[1;1],
,1.000000,
Overlap threshold:,0.000000

Results
ROI#,ROI size,average localizer mask size,inter-subject overlap,h[1;1],stderr[1;1],T/F,dof,p,p-fdr
1,2948,294,1.000000,0.203568,0.154707,1.315826,5.000000,0.122665,0.122665
2,1627,162,1.000000,0.207597,0.103630,2.003252,5.000000,0.050759,0.062476
3,644,64,1.000000,0.137224,0.059994,2.287280,5.000000,0.035445,0.062476
4,743,74,1.000000,0.381913,0.138089,2.765705,5.000000,0.019783,0.059349
5,462,46,1.000000,0.276885,0.088099,3.142871,5.000000,0.012792,0.059349
6,370,37,1.000000,0.378623,0.190897,1.983390,5.000000,0.052063,0.062476
