Contrast name:,Group (DiffAll)
Within-subjects contrast matrix:,c[1;1],c[1;2],c[1;3],c[1;4],c[1;5],c[1;6],c[1;7],c[1;8],c[1;9],c[1;10],c[1;11],c[1;12],c[1;13],c[1;14],c[1;15],c[1;16],c[1;17],c[1;18],c[1;19],
,0.000000,0.000000,0.000000,0.000000,1.000000,0.000000,0.000000,0.000000,0.000000,0.000000,0.000000,0.000000,0.000000,0.000000,0.000000,0.000000,0.000000,0.000000,0.000000,
Between-subjects contrast matrix:,c[1;1],
,1.000000,
Overlap threshold:,0.000000

Results
ROI#,ROI size,average localizer mask size,inter-subject overlap,h[1;1],stderr[1;1],T/F,dof,p,p-fdr
1,2948,294,1.000000,0.255088,0.130550,1.953949,5.000000,0.054061,0.078052
2,1627,162,1.000000,0.206136,0.113893,1.809912,5.000000,0.065044,0.078052
3,644,64,1.000000,0.066731,0.075664,0.881939,5.000000,0.209092,0.209092
4,743,74,1.000000,0.374302,0.116590,3.210404,5.000000,0.011859,0.063847
5,462,46,1.000000,0.338124,0.125032,2.704301,5.000000,0.021282,0.063847
6,370,37,1.000000,0.541343,0.248900,2.174939,5.000000,0.040816,0.078052
